Name,Age,Email,Mobile
John Doe,28,john.doe@example.com,123-456-7890
Jane Smith,34,jane.smith@example.com,234-567-8901
Alice Johnson,26,alice.johnson@example.com,345-678-9012
Bob Brown,40,bob.brown@example.com,456-789-0123
Charlie Davis,22,charlie.davis@example.com,567-890-1234
David Wilson,30,david.wilson@example.com,678-901-2345
Emma Moore,38,emma.moore@example.com,789-012-3456
Frank Miller,29,frank.miller@example.com,890-123-4567
Grace Lee,33,grace.lee@example.com,901-234-5678
Henry White,25,henry.white@example.com,012-345-6789
Ivy Harris,31,ivy.harris@example.com,123-456-7891
Jack Clark,27,jack.clark@example.com,234-567-8902
Kara Martinez,32,kara.martinez@example.com,345-678-9013
Louis Allen,24,louis.allen@example.com,456-789-0124
Mona King,36,mona.king@example.com,567-890-1235
Nathan Scott,28,nathan.scott@example.com,678-901-2346
Olivia Adams,37,olivia.adams@example.com,789-012-3457
Paul Baker,41,paul.baker@example.com,890-123-4568
Quinn Walker,29,quinn.walker@example.com,901-234-5679
Rachel Green,35,rachel.green@example.com,012-345-6790
Samuel Perez,39,samuel.perez@example.com,123-456-7892
Tina Carter,33,tina.carter@example.com,234-567-8903
Ursula Mitchell,26,ursula.mitchell@example.com,345-678-9014
Victor Roberts,28,victor.roberts@example.com,456-789-0125
Wendy Evans,27,wendy.evans@example.com,567-890-1236
Xander Scott,30,xander.scott@example.com,678-901-2347
Yara Nelson,25,yara.nelson@example.com,789-012-3458
Zane Cooper,32,zane.cooper@example.com,890-123-4569
Alice Young,31,alice.young@example.com,901-234-5680
Ben Harris,24,ben.harris@example.com,012-345-6791
Chloe Allen,36,chloe.allen@example.com,123-456-7893
Daniel Clark,38,daniel.clark@example.com,234-567-8904
Eva Lopez,29,eva.lopez@example.com,345-678-9015
Freddie Wright,28,freddie.wright@example.com,456-789-0126
Grace Hall,30,grace.hall@example.com,567-890-1237
Hannah Walker,35,hannah.walker@example.com,678-901-2348
Isaac Gonzalez,25,isaac.gonzalez@example.com,789-012-3459
Jackie Collins,33,jackie.collins@example.com,890-123-4570
Kyle Mitchell,32,kyle.mitchell@example.com,901-234-5681
Lily Robinson,27,lily.robinson@example.com,012-345-6792
Matthew Lewis,26,matthew.lewis@example.com,123-456-7894
Nina Carter,29,nina.carter@example.com,234-567-8905
Oscar Green,34,oscar.green@example.com,345-678-9016
Pamela King,37,pamela.king@example.com,456-789-0127
Quincy Adams,33,quincy.adams@example.com,567-890-1238
Riley Nelson,28,riley.nelson@example.com,678-901-2349
Sophie Brooks,30,sophie.brooks@example.com,789-012-3460
Tommy Reed,40,tommy.reed@example.com,890-123-4571
Ursula Foster,29,ursula.foster@example.com,901-234-5682
Vera Green,27,vera.green@example.com,012-345-6793
Willie Hughes,25,willie.hughes@example.com,123-456-7895
Xena Ford,32,xena.ford@example.com,234-567-8906
Yasmin Price,31,yasmin.price@example.com,345-678-9017
Zoe Russell,28,zoe.russell@example.com,456-789-0128
